Amenity,Count
WiFi miễn phí,505
Tiếng Anh,474
Bảo vệ 24 giờ,462
Bàn tiếp tân 24 giờ,461
Dịch vụ giặt là,451
Phòng không hút thuốc,442
Giữ hành lý,431
Thang máy,419
Thích hợp cho gia đình trẻ em,409
CCTV trong khu vực chung,393
Phòng gia đình,392
Điều hòa,391
Đỗ xe miễn phí,383
Dịch vụ ủi đồ,365
Điều hòa ở khu vực chung,358
Khu vực hút thuốc,355
Hoàn toàn không hút thuốc,345
Nhà hàng,343
Đưa đón sân bay,329
CCTV bên ngoài chỗ nghỉ,327
Nhận/trả phòng 24 giờ,312
Giặt khô,311
Nhận trả phòng nhanh,303
Quán cà phê,297
Dịch vụ đưa đón,285
Cơ sở vật chất cho họp mặt tiệc lớn,282
Đỗ xe tại chỗ,281
Bữa sáng tự chọn,272
Dịch vụ taxi,271
Nhân viên trực cửa,258
Đổi ngoại tệ,257
Phòng tập,256
Phù hợp cho xe lăn,255
Phòng cách âm,252
Bể bơi ngoài trời,236
Dịch vụ văn phòng fax photocopy,234
Vườn,229
Phòng chờ chung khu vực tv,229
Ô tô cho thuê,227
Truyền hình cáp vệ tinh,225
Dịch vụ phòng,215
Dịch vụ vé,208
Đỗ xe có nhân viên,207
Tiện nghi cho khách khuyết tật,206
Bữa ăn cho trẻ,205
Mát-xa,203
Spa xông khô,200
Bác sĩ y tá trực,199
Dịch vụ phòng 24 giờ,198
Bếp,196
Quán bar,196
Quầy đồ ăn vặt,188
Đỗ xe gần bên,181
Tủ lạnh,177
Bể bơi trẻ em,171
Quán bar cạnh bể bơi,170
Dịch vụ làm đẹp,160
Giải trí,158
Phòng họp,157
Bữa sáng trong phòng,154
Bể bơi có tầm nhìn,153
Phòng xông ướt,147
Phòng không gây dị ứng,147
Sân chơi,145
Cửa hàng tạp hóa,144
Cách âm,144
Spa,143
Tiệm làm đẹp,141
Bữa sáng kiểu lục địa,137
CLB trẻ em,123
Tiện nghi nấu nướng ngoài trời,123
Bữa sáng miễn phí,120
Nhà hàng ẩm thực châu á,120
Cửa hàng quà tặng quà lưu niệm,119
Tiện nghi làm việc,116
Bồn tắm nước nóng,115
Giờ giảm giá đồ uống,114
Ban công sân hiên,108
Tính năng an toàn cho trẻ em,104
Bể bơi trong nhà,101
Điều hòa cá nhân,99
Phòng hội thảo,95
Phòng tắm đứng,94
Dịch vụ trông trẻ,93
Bãi đậu xe tính phí,93
Thuê xe đạp,92
Bữa sáng kiểu á,91
Bãi biển riêng,89
Sân gôn tại chỗ nghỉ,88
Nhà hàng phục vụ món chay,86
TV màn hình phẳng,81
Tiện nghi bể bơi,80
Giao hàng tạp hóa,79
Xe đạp,77
Máy sưởi ở khu vực chung,75
Khu vực tầng thượng,75
Cơ sở vật chất cho trẻ em,74
Được phép đưa thú nuôi vào,73
Nhà hàng ẩm thực phương tây,69
Karaoke,65
Ít gây dị ứng,61
Phòng yoga,60
Bi-a,58
Sân quần vợt,58
Máy pha trà cà phê,57
Lối đi riêng,57
Tổ chức sự kiện,55
Giường cũi của em bé theo yêu cầu,54
Lò sưởi,51
Nhận trả phòng riêng,50
Đi lên bằng cầu thang,49
Bữa sáng kiểu tây,48
Phòng giải trí,48
Nhà hàng phục vụ món tự chọn,47
Nhà tắm riêng,47
Phòng máy giặt tự động,46
Xông khô,46
Cửa an toàn cho em bé,46
Các phương tiện dành cho khách khuyết tật,42
Câu lạc bộ đêm,42
Tiếng Nga,40
Công viên nước,40
Phụ thu khi mang theo vật nuôi,40
Quán rượu,40
Sưởi,36
Bữa sáng đầy đủ kiểu mỹ,35
Không gian làm việc cho máy tính xách tay,35
Máy giặt,34
Các môn thể thao dưới nước không có động cơ,33
Phòng thay đồ,33
Lối vào hồ bơi,33
Bóng bàn,32
Máy sấy quần áo,32
Nhà tắm chung,32
Trạm sạc điện xe hơi,31
Bệnh xá,31
Toàn bộ nhà,31
Tầng cao,31
Cửa hàng,30
Dịch vụ phát trực tuyến như netflix,30
Khu vực ăn uống riêng,30
Nhà hàng ẩm thực trung quốc,30
Chỗ nghỉ chỉ dành cho người lớn,30
Sách và đồ chơi cho trẻ em,28
Nhà vệ sinh phụ,28
Giường cực dài,26
Nhà hàng halal,26
Thư viện,26
Đèn đọc sách,24
Sử sụng clb thể thao,24
Cửa sổ có thể mở ra,24
Khả năng tiếp cận cho người khó đi lại,24
Lò vi sóng,24
Bảng phi tiêu,22
Phòng theo chủ đề,22
Sòng bạc,22
Phòng tắm có lối đi thoai thoải,21
Khu đối diện bãi biển,21
Bể bơi,21
Đồ gỗ ngoài trời,21
Tiện nghi cho em bé theo yêu cầu,20
Nhà hàng kosher,20
Lướt ván buồm,20
Thuê xe đạp miễn phí,19
Được mang theo chó,19
Dịch vụ xét nghiệm covid-19,19
Căn hộ riêng trong tòa nhà,19
Tắm suối nước nóng,18
Hộp vệ sinh cho mèo,18
Phim theo yêu cầu,18
Báo động trực quan,18
Phòng tắm có băng ghế tắm,17
Thuê dụng cụ thể thao dưới nước,17
Bãi tự đỗ xe phù hợp cho người khuyết tật tại chỗ nghỉ,17
Đi chơi bằng thuyền,17
Phòng tắm nắng,16
Máy lọc không khí,16
Cho phép hút thuốc,16
Có các phòng thông nhau,16
Ghế mát-xa,16
Ghế cao cho trẻ con ngồi ăn,16
Nhà tắm thổ nhĩ kỳ,15
WiFi cho thuê loại xách tay,15
Báo động âm thanh,15
Các môn thể thao dưới nước có động cơ,15
Bàn trang điểm phù hợp cho người khuyết tật,14
Nhà nguyện,14
Phòng hai tầng,14
Phòng thay đồ cho em bé,14
Đồ uống mời khách miễn phí,13
Phim miễn phí,13
Tiếng ấn độ,13
Giường gấp,13
Bữa sáng halal,12
Máy chiếu beam,12
Bãi chơi bowling,12
Bộ hoạt động,12
"Đồ dùng cơ bản trong nhà bếp dụng cụ nấu ăn, dầu, nước sốt",12
Động vật hỗ trợ được chào đón,12
Địa điểm ngoài trời cho sự kiện đặc biệt,11
Sân cầu lông,11
Bảng chỉ dẫn chữ nổi và sờ được,11
Tiếng ý,11
Tay nắm đòn bẩy trên cửa,10
Thanh vịn chống trượt,10
Nhà vệ sinh cho người khuyết tật,10
Trạm nối ipod,10
Tiếng indonesia,10
Tiếng malaysia,10
Nhà hàng ẩm thực quốc tế,10
Máy rửa bát,10
Đồ dùng làm bếp,10
Tầng thượng,10
Liệu pháp ánh sáng,9
Báo hằng ngày,9
Phòng xông khô hàn quốc,9
Phòng tắm phụ,9
TV có phụ đề,9
Thiết bị phát dữ liệu di động,9
Bát đĩa và dụng cụ ăn uống,9
Tiếng philippin,9
Bồn tắm lộ thiên,9
Thiết bị bảo vệ ban đêm hạ thấp trên cửa,8
Cho thuê máy tính xách tay máy tính cá nhân,8
Phòng tắm dành cho người khuyết tật,8
Giường mát-xa,7
Phòng thiết kế theo phong cách quán cà phê,7
Đỗ xe trả phí,7
Tiếng ả rập,7
Bồn tắm tạo sóng,6
Được vào phòng chờ thương gia,6
Phòng khách riêng,6
Thiết bị chơi điện tử,6
Bàn không gian làm việc,6
WiFi tính phí,5
Miễn phí sử dụng khu vực dịch vụ hành chánh,5
Phòng và hoặc bộ dụng cụ phù hợp cho người khiếm thính,5
Tầng hạn chế,5
Thiết bị điện thoại thông minh,5
Học lướt sóng,5
Tiện nghi bbq,4
Chỗ để xe cho ô tô - phương tiện tự đỗ xe,4
Phòng có thiết kế theo phong cách tiệc tùng,4
Cầu trượt nước,4
Tương thích với tty ttd,4
Cơ sở vật chất cho thú cưng,3
Cưỡi ngựa,3
Cắm trại sang chảnh,3
Bếp nướng,3
Vườn hoặc sân sau,3
Dịch vụ trượt tuyết,3
Cơ sở lưu trú chỉ dành cho nữ giới,3
Phòng có thiết kế theo phong cách hộp đêm,3
Khu vực không xích chó,3
Bát cho thú cưng,3
Lối vào tất cả các bể bơi tại chỗ nghỉ phù hợp cho người khuyết tật,2
Bồn tắm gỗ hinoki,2
Trò chơi board game xếp hình,2
Máy tính,2
Phòng có thiết kế theo phong cách công chúa,2
Quyền sử dụng spa miễn phí,2
Bồn tắm trẻ em,1
Thuê thiết bị trượt tuyết,1
Được mang theo mèo,1
Dịch vụ vận chuyển phù hợp cho người khuyết tật,1
Máy tính bảng trong phòng,1
TV trong phòng tắm,1
Dịch vụ trông giữ thú cưng,1
Cũi em bé,1
